trip,dir,name,phone,D_est_m,order1_ratio
4,EB,3_2026-09-26_11-43-20,Brooke (iPhone 17),0.668,1.067
0,WB,Track_Scan_2026-09-26_09-51-58,Phone A (iPhone 16 Pro),0.69,1.168
3,WB,Track_Scan_2026-09-26_10-49-47,Phone A (iPhone 16 Pro),0.708,21.791
5,EB,Track_Scan_2026-09-26_12-26-47,Phone A (iPhone 16 Pro),0.652,1.527
2,EB,Track_record_arjan_2026-09-26_10-23-58,Arjan (iPhone 16 Plus),0.622,0.881
5,EB,Track_record_arjan_2026-09-26_12-25-40,Arjan (iPhone 16 Plus),0.662,1.676
1,EB,track2_2026-09-26_10-14-40,Phone A (iPhone 16 Pro),0.708,8.994
0,WB,track_brooke_1_2026-09-26_09-52-13,Brooke (iPhone 17),0.712,1.623
1,EB,track_brooke_2_2026-09-26_10-14-42,Brooke (iPhone 17),0.708,8.578
3,WB,track_brooke_3_2026-09-26_10-49-40,Brooke (iPhone 17),0.705,21.705
0,WB,track_suhela_1_2026-09-26_09-51-59,Suhela (iPhone 16 Pro),0.675,1.147
3,WB,track_suhela_3_2026-09-26_10-50-10,Suhela (iPhone 16 Pro),0.705,17.454
4,EB,track_suhela_4_2026-09-26_11-43-18,Suhela (iPhone 16 Pro),0.652,1.05
