rank,zone,start_m,end_m,length_m,peak_bin,peak_m,severity,recordings_covering_peak,hot_fraction_peak,rides_rough,rides_covering,rough_ride_ids,covering_ride_ids,both_directions,nearest_station,dist_to_station_m,between,cross_street,station_zone,lat,lon,google_maps,repeat_fraction,rank_score
1,2,16125,16250,125,649,16237.5,3.1324714649845538,10,1,5,5,1;2;3;4;5,1;2;3;4;5,TRUE,Expo / Vermont,421.5,between Expo / Vermont → Expo / Western,Exposition / Budlong,FALSE,34.018292,-118.29610316272719,"https://www.google.com/maps?q=34.0182920,-118.2961032",1,3.9155893312306924
2,5,17200,17225,25,688,17212.5,2.990052443552732,6,1,3,3,1;2;4,1;2;4,TRUE,Expo / Western,206.5,between Expo / Vermont → Expo / Western,Exposition / Harvard,FALSE,34.01832394829711,-118.30667142019087,"https://www.google.com/maps?q=34.0183239,-118.3066714",1,3.7375655544409145
3,6,17875,17900,25,715,17887.5,2.2918533392224623,6,1,4,4,1;2;4;5,1;2;4;5,TRUE,Expo / Western,468.5,between Expo / Western → Expo / Crenshaw E-Line,,FALSE,34.01840541264398,-118.31398704054831,"https://www.google.com/maps?q=34.0184054,-118.3139870",1,2.864816674028078
4,8,22750,22875,125,914,22862.5,2.3816278313357357,8,0.5,4,5,1;2;4;5,1;2;3;4;5,TRUE,La Cienega / Jefferson,472.5,between Expo / La Brea / Ethel Bradley → La Cienega / Jefferson,Jefferson / Hauser,FALSE,34.0260080464294,-118.36701275436707,"https://www.google.com/maps?q=34.0260080,-118.3670128",0.8,2.3816278313357357
5,9,24075,24100,25,963,24087.5,1.781374193699786,10,0.6,4,5,1;2;4;5,1;2;3;4;5,TRUE,La Cienega / Jefferson,752.5,between La Cienega / Jefferson → Culver City,,FALSE,34.02716060762064,-118.38021744255735,"https://www.google.com/maps?q=34.0271606,-118.3802174",0.8,1.7813741936997862
6,4,16825,16875,50,673,16837.5,2.2523494160573354,8,0.625,3,5,1;2;3,1;2;3;4;5,TRUE,Expo / Western,581.5,between Expo / Vermont → Expo / Western,Exposition / Halldale,FALSE,34.018303911779796,-118.30260675423207,"https://www.google.com/maps?q=34.0183039,-118.3026068",0.6,1.6892620620430017
7,10,24400,24450,50,977,24437.5,2.006840291805033,10,0.7,3,5,1;2;4,1;2;3;4;5,TRUE,Culver City,463.5,between La Cienega / Jefferson → Culver City,,FALSE,34.02755210453119,-118.38398157642771,"https://www.google.com/maps?q=34.0275521,-118.3839816",0.6,1.5051302188537745
8,1,15500,15575,75,620,15512.5,1.9925015078956305,6,0.5,3,5,1;3;5,1;2;3;4;5,TRUE,Expo Park / USC,231.5,between Expo Park / USC → Expo / Vermont,Exposition / Watt,FALSE,34.01825840120541,-118.28824485236443,"https://www.google.com/maps?q=34.0182584,-118.2882449",0.6,1.494376130921723
9,7,22450,22475,25,898,22462.5,1.7408242798964717,9,0.5555555555555556,3,5,1;2;4,1;2;3;4;5,TRUE,Expo / La Brea / Ethel Bradley,701.5,between Expo / La Brea / Ethel Bradley → La Cienega / Jefferson,Jefferson / Cochran,FALSE,34.02554433128951,-118.36271366233593,"https://www.google.com/maps?q=34.0255443,-118.3627137",0.6,1.3056182099223537
