file,ride,direction,start_time,duration_min,km_covered,moving_seconds,pct_cruise,pct_braking,pct_accelerating,median_cruise_speed_kmh,gps_fixes,gps_fixes_raw,sample_rate_hz,start_events,recording,ride_id,start_epoch
track_suhela_1 2026-09-26 09-51-59.xlsx,Ride 1 · 09:34 · WB,WB,2026-09-26 09:34:24 PDT,16.710648608333333,9.60110503353506,761,56.8988173455979,22.07621550591327,21.02496714848883,42.994917469271215,1001,1001,100.30090271660364,1,8,1,1790440464.255165
track_brooke_1 2026-09-26 09-52-13.xlsx,Ride 1 · 09:34 · WB,WB,2026-09-26 09:34:25 PDT,16.705214825694444,9.543530672451107,711,44.44444444444444,29.39521800281294,26.160337552742618,46.09440163465556,1004,1004,99.72078180493966,1,5,1,1790440465.302901
Track Scan 2026-09-26 09-51-58.xlsx,Ride 1 · 09:34 · WB,WB,2026-09-26 09:34:28 PDT,11.577677681944625,6.054157608947942,434,47.465437788018434,27.880184331797235,24.65437788018433,55.1880090091277,654,673,99.86019573096156,2,3,1,1790440468.145833
track_brooke_2 2026-09-26 10-14-42.xlsx,Ride 2 · 09:58 · EB,EB,2026-09-26 09:58:13 PDT,15.662052029166686,9.600011392431618,707,61.24469589816125,20.226308345120223,18.528995756718526,52.52339826856161,916,939,99.72078180493966,2,6,2,1790441893.199877
track2 2026-09-26 10-14-40.xlsx,Ride 2 · 09:58 · EB,EB,2026-09-26 09:58:16 PDT,15.621394369444534,9.591840121818667,720,60.97222222222223,20.27777777777778,18.75,52.06953083207366,920,937,100.30090268000458,2,11,2,1790441896.8818169
Track record arjan 2026-09-26 10-23-58.xlsx,Ride 3 · 10:07 · EB,EB,2026-09-26 10:07:08 PDT,15.64757924166673,9.64517446210727,496,49.193548387096776,26.814516129032256,23.991935483870968,44.09222823388969,592,682,99.76057473700934,1,2,3,1790442428.80865
Track Scan 2026-09-26 10-49-47.xlsx,Ride 4 · 10:30 · WB,WB,2026-09-26 10:30:46 PDT,18.499914388194398,9.58197504906152,653,39.50995405819295,29.709035222052066,30.781010719754974,57.85141121094504,989,1008,99.86019573096156,1,4,4,1790443846.772713
track_suhela_3 2026-09-26 10-50-10.xlsx,Ride 4 · 10:30 · WB,WB,2026-09-26 10:30:49 PDT,18.448848131250028,9.57837048299688,687,37.117903930131,31.58660844250364,31.29548762736536,58.22565535024845,1103,1105,100.29084345106587,1,9,4,1790443849.7634459
track_brooke_3 2026-09-26 10-49-40.xlsx,Ride 4 · 10:30 · WB,WB,2026-09-26 10:30:53 PDT,18.3662296673611,9.591943622005834,679,38.144329896907216,30.927835051546392,30.927835051546392,57.30462700679942,1099,1103,99.72078180493966,1,7,4,1790443853.859047
track_suhela_4 2026-09-26 11-43-18.xlsx,Ride 5 · 11:25 · EB,EB,2026-09-26 11:25:56 PDT,17.094492786111125,9.599647153407632,599,54.59098497495827,24.37395659432387,21.03505843071786,52.708142461158985,689,776,100.29084345106587,1,10,5,1790447156.53094
3 2026-09-26 11-43-20.xlsx,Ride 5 · 11:25 · EB,EB,2026-09-26 11:25:58 PDT,17.058661557638818,9.595475256846981,683,52.7086383601757,26.35431918008785,20.937042459736457,54.20872457891464,1008,1023,99.73072699819218,1,1,5,1790447158.67608
