bin,median_score,rides_rough,rides_covering,recordings,direction
614,1.0018156882810991,0,1,1,westbound
615,1.8934812446352276,1,1,1,westbound
616,1.6559112419633921,0,1,2,westbound
617,1.9469323699193637,1,2,3,westbound
618,1.9357529654395407,1,2,3,westbound
619,1.306209146996141,0,2,2,westbound
620,1.4057507824043993,0,2,3,westbound
621,1.5862304176627653,1,2,3,westbound
622,1.8386886343898623,1,1,2,westbound
623,1.8017867135416155,1,2,2,westbound
624,1.1312483040315744,0,1,2,westbound
625,1.051940412336943,0,1,1,westbound
626,2.157269485992565,1,1,1,westbound
627,1.0335471649238706,0,1,1,westbound
628,1.1683417747173634,0,1,1,westbound
629,0.5725341934056982,0,1,1,westbound
631,0.8200057318583857,0,1,1,westbound
632,0.7525909334724448,0,1,1,westbound
633,1.2041950017494267,0,1,2,westbound
634,0.8928168520655554,0,2,2,westbound
635,1.1923722679732063,0,1,2,westbound
636,1.0518090540968872,0,1,3,westbound
637,0.9814458217407694,0,1,2,westbound
643,1.6017620062322662,1,2,3,westbound
644,1.3255273339613882,0,2,4,westbound
645,2.249254759517104,2,2,3,westbound
646,1.673581199388277,1,2,4,westbound
647,1.448287488265459,0,2,6,westbound
648,1.5537450041533125,0,2,6,westbound
649,3.735977844765677,2,2,6,westbound
650,2.144746827161151,2,2,6,westbound
651,1.0344536849199033,0,2,5,westbound
652,0.6234620088652041,0,2,6,westbound
653,0.8029143689039739,0,2,6,westbound
654,1.0495111282639633,0,2,4,westbound
655,0.9702829050439978,0,1,3,westbound
656,1.3572416017999243,0,2,5,westbound
657,1.371810071889711,0,2,3,westbound
658,0.7477402904004029,0,2,4,westbound
659,0.7829105811706243,0,2,6,westbound
660,1.1645619355943122,0,2,6,westbound
661,1.2673002156442879,0,2,6,westbound
662,0.8574630757249371,0,2,6,westbound
663,1.3205739976442281,0,2,6,westbound
664,1.0183429603971925,0,2,6,westbound
665,1.008917289682036,0,2,6,westbound
666,2.0354223359230277,2,2,6,westbound
667,1.8617256744392772,1,2,6,westbound
668,1.1052298369213056,0,2,6,westbound
669,0.9825117503286347,0,2,4,westbound
670,0.5683698391523713,0,1,3,westbound
671,0.7453420589313708,0,1,3,westbound
672,1.3258256692018238,0,1,3,westbound
673,1.289147004647748,1,2,4,westbound
674,1.9636904066681153,1,1,3,westbound
675,1.135756265691494,0,2,5,westbound
676,1.1042659016619112,0,2,4,westbound
677,0.9807549220037665,0,1,3,westbound
678,0.9372881420379502,0,1,3,westbound
679,1.547640548787742,0,1,3,westbound
680,2.5562668812041913,1,1,3,westbound
681,1.7142302862378234,0,1,3,westbound
682,0.7876148076953313,0,1,3,westbound
683,0.8103933446139482,0,1,3,westbound
684,1.0876482753358188,0,1,3,westbound
685,0.9626053860945395,0,2,5,westbound
686,1.1749713262154222,0,2,6,westbound
687,0.67998056245768,0,2,6,westbound
688,2.2313908641171705,2,2,5,westbound
689,1.6012872619239165,0,2,4,westbound
690,1.1903401097523347,0,1,2,westbound
691,1.8322573972691878,1,1,2,westbound
692,0.6313279380584175,0,1,3,westbound
693,0.5848444054744404,0,2,3,westbound
694,0.7329803964540682,0,1,1,westbound
699,1.0576402133824874,0,1,2,westbound
700,1.025435942629467,0,1,3,westbound
701,0.8078431432945963,0,1,1,westbound
706,1.0795451741814346,0,2,2,westbound
707,1.0888004306795882,0,2,3,westbound
708,0.8933781588780347,0,2,4,westbound
709,1.302016736577972,0,2,5,westbound
710,1.4675745920850327,1,2,6,westbound
711,1.3916251100200991,0,2,4,westbound
712,0.7157534858047883,0,1,3,westbound
713,1.0554148924162412,0,1,1,westbound
715,2.140395784985147,2,2,3,westbound
716,2.0783012415161424,1,1,1,westbound
719,1.1007952660245477,0,1,1,westbound
720,1.1090134157774971,0,1,1,westbound
724,1.6444929228379248,1,1,2,westbound
725,1.791044235199165,1,1,3,westbound
726,1.2017010325301523,1,2,4,westbound
727,1.2038173544850672,1,2,5,westbound
728,1.7298832310934107,1,2,3,westbound
729,1.0685666830609462,0,1,3,westbound
730,0.9787518380413746,0,1,3,westbound
731,0.9570339098432412,0,1,3,westbound
732,0.78286269369243,0,1,3,westbound
733,0.8170278036052816,0,1,3,westbound
734,0.9879672592835309,0,2,5,westbound
735,0.8664862204136612,0,2,6,westbound
736,1.0746565804548,0,2,6,westbound
737,0.7732590619471769,0,2,6,westbound
738,0.8244843649082709,0,2,6,westbound
739,0.7059566043198804,0,2,6,westbound
740,0.583370695446304,0,2,6,westbound
741,0.6776738150940771,0,2,6,westbound
742,0.88054750618165,0,2,6,westbound
743,0.800874835705048,0,2,6,westbound
744,0.6199602870843883,0,2,6,westbound
745,0.764154349982217,0,2,4,westbound
746,1.1492979545174926,0,1,3,westbound
747,0.6377362594614855,0,1,2,westbound
748,1.24300251852727,1,2,5,westbound
749,1.1754181306402067,1,2,4,westbound
750,1.15168632422558,0,2,4,westbound
751,1.038831651261202,0,2,6,westbound
752,1.1228737508126387,0,2,6,westbound
753,1.1417719792614298,0,2,4,westbound
754,0.9777270752072513,0,2,6,westbound
755,1.042808734593365,0,2,6,westbound
756,0.8752594392295843,0,2,6,westbound
757,0.8395800692057807,0,2,6,westbound
758,0.8176197003786025,0,2,6,westbound
759,0.9186533339257414,0,2,6,westbound
760,0.7907202131448552,0,2,6,westbound
761,0.7654995453727018,0,2,5,westbound
762,0.778427245921913,0,2,6,westbound
763,1.3959735816837613,0,2,4,westbound
764,1.0559070211350203,0,2,4,westbound
765,1.0032532984836804,0,2,5,westbound
766,0.8944210380227,0,2,6,westbound
767,0.8499794558612832,0,2,6,westbound
768,0.8227905258024211,0,2,6,westbound
769,0.9236198271371991,0,2,6,westbound
770,1.0149713487441732,0,2,6,westbound
771,0.9300265126256422,0,2,5,westbound
772,1.013132910851858,0,2,5,westbound
773,1.2229790406303442,0,2,5,westbound
774,1.2730403937123183,0,2,5,westbound
775,1.3283977750006848,0,2,4,westbound
776,1.1556744246311372,0,2,5,westbound
777,1.3321414305732149,0,2,6,westbound
778,1.3662285118845259,0,1,2,westbound
779,1.4312457189977978,0,2,3,westbound
780,2.2788744017814433,1,1,1,westbound
781,1.289003548242359,0,1,1,westbound
783,1.2733125335206377,0,1,2,westbound
784,1.300841452740999,0,1,2,westbound
785,0.9640664539073159,0,1,2,westbound
786,0.9562599782109404,0,1,1,westbound
787,0.7941797078563205,0,1,2,westbound
788,0.6635306353346712,0,2,5,westbound
789,0.7694083554485556,0,2,4,westbound
790,0.5376490010936767,0,1,3,westbound
798,1.5304574546687566,0,1,1,westbound
799,0.8890695403930413,0,2,3,westbound
800,0.8186919951405691,0,2,5,westbound
803,0.6965870858234777,0,1,2,westbound
804,0.7023772686132342,0,2,6,westbound
805,0.8257832573847028,0,1,2,westbound
806,0.614741990801076,0,2,5,westbound
807,0.7554210055712269,0,2,5,westbound
808,0.6960203183783257,0,2,5,westbound
810,0.6450075620636737,0,1,2,westbound
811,0.885235987108637,0,1,2,westbound
812,1.0971887514873422,0,1,2,westbound
813,1.7663685277819106,0,1,1,westbound
818,0.7539260704842417,0,1,2,westbound
819,0.9696387214644182,0,2,4,westbound
820,0.836833095303315,0,1,1,westbound
822,0.7891637962789029,0,1,2,westbound
823,1.0380547958842328,0,1,2,westbound
824,0.7395283991030049,0,1,3,westbound
825,0.8266489440485449,0,2,6,westbound
826,0.731819684611154,0,1,3,westbound
827,1.2189808185895,0,2,6,westbound
828,1.1068746317449827,0,2,5,westbound
829,0.9646964315227976,0,1,3,westbound
831,1.1793638944146978,0,1,2,westbound
832,1.31761944024942,0,1,3,westbound
833,1.3069124488333907,0,1,3,westbound
834,0.9925045710945921,0,2,4,westbound
836,1.8619752873126458,1,1,1,westbound
837,1.567095129151662,1,2,4,westbound
838,1.3583239004519507,0,2,4,westbound
839,1.2301405221981156,0,2,4,westbound
840,1.3853043865833001,1,2,4,westbound
841,0.600303523865945,0,1,3,westbound
842,0.4573430073730719,0,1,3,westbound
855,0.779145879719884,0,1,1,westbound
856,0.8301620555353368,0,1,2,westbound
857,0.736609751702155,0,1,3,westbound
858,1.2230849430938888,0,1,2,westbound
859,1.0444463718608374,0,2,5,westbound
860,1.2989106403959823,0,2,5,westbound
861,1.2832721403841476,0,2,4,westbound
862,1.1306334329848347,0,2,2,westbound
884,1.3146985167005558,0,1,1,westbound
885,1.5587888122975755,0,1,2,westbound
886,1.216393422648674,0,2,3,westbound
887,1.0175962119919402,0,2,4,westbound
888,0.9950436640213814,0,2,5,westbound
889,1.4305462165203546,0,2,4,westbound
890,1.3264824722985629,0,1,3,westbound
891,1.300043768657051,0,1,3,westbound
892,0.8960912768136303,0,2,4,westbound
893,0.8757852970910223,0,2,4,westbound
894,0.846204704733419,0,2,3,westbound
895,0.885997827523093,0,2,4,westbound
896,0.8463301502884503,0,2,5,westbound
897,0.6870662973611283,0,2,4,westbound
898,1.708347582517288,1,2,4,westbound
899,1.4336742737281918,0,2,4,westbound
900,0.8808347459752962,0,2,4,westbound
901,0.9473941580523932,0,2,4,westbound
902,0.7917863846635562,0,2,5,westbound
903,0.8049528128379099,0,2,5,westbound
904,0.6312806394345039,0,2,5,westbound
905,0.691576843258404,0,2,5,westbound
906,1.050807294115239,0,2,5,westbound
907,1.4164117375433922,0,2,5,westbound
908,1.237296534319726,0,2,4,westbound
909,1.382254589187386,0,2,5,westbound
910,2.359473502972304,2,2,5,westbound
911,0.9519559124104238,0,2,5,westbound
912,1.5960413615538531,1,2,4,westbound
913,1.5593775107732997,0,2,4,westbound
914,1.3857289661053303,0,2,5,westbound
915,0.9636802149395827,0,2,5,westbound
916,1.0696395087447594,0,2,5,westbound
917,0.995232880173496,0,2,5,westbound
918,0.9339668409009694,0,2,5,westbound
919,1.7682262100663495,1,2,5,westbound
920,1.6260498719435947,1,2,5,westbound
921,1.7318638234957149,1,2,4,westbound
922,1.3537544563249364,0,2,2,westbound
927,1.898335762382656,1,1,1,westbound
928,1.2511207672946383,0,2,4,westbound
929,1.1949250469413797,0,1,1,westbound
930,0.7984869151948166,0,2,4,westbound
931,0.6058771084862595,0,1,1,westbound
938,0.7531045988152401,0,1,1,westbound
939,0.7831278404872436,0,1,2,westbound
940,0.7804253177286515,0,1,2,westbound
941,0.7900714888742548,0,2,5,westbound
942,0.9788700969369396,0,2,4,westbound
943,0.8649652331250519,0,2,3,westbound
944,1.2234206897160442,0,2,5,westbound
945,1.6854480575054303,1,2,5,westbound
946,1.3092676886193244,0,2,5,westbound
947,1.0195306393762469,0,2,4,westbound
948,1.070212630260159,0,2,3,westbound
949,0.7520027291034802,0,2,5,westbound
950,0.7798042179463218,0,2,5,westbound
951,1.0931221838720098,0,2,3,westbound
952,1.135294306980768,0,2,5,westbound
953,1.5479518980304399,1,2,5,westbound
954,0.8692676451763075,0,2,5,westbound
955,0.876874100642492,0,2,5,westbound
956,0.9288763190042738,0,2,5,westbound
957,0.8485880716924104,0,2,5,westbound
958,0.8491839598871087,0,2,5,westbound
959,0.9610466934127853,0,2,5,westbound
960,0.9731151100791792,0,2,5,westbound
961,0.8009901737604939,0,2,5,westbound
962,1.0474631591089758,0,2,5,westbound
963,1.3790608967082827,0,2,5,westbound
964,1.341190042666195,0,2,5,westbound
965,1.4125864302494322,0,2,5,westbound
966,0.8857299488278868,0,2,5,westbound
967,1.110618291166312,0,2,5,westbound
968,0.7784918081823312,0,2,5,westbound
969,0.8607984713057932,0,2,5,westbound
970,0.8907835490110851,0,2,5,westbound
971,0.8856847298039261,0,2,3,westbound
972,0.8219114578378977,0,1,2,westbound
973,0.8317749446533287,0,1,2,westbound
974,0.711230302988067,0,1,2,westbound
975,0.8544673412678566,0,1,2,westbound
976,1.6350885757727462,0,2,4,westbound
977,2.4280062555011597,2,2,5,westbound
978,1.3592687534531926,0,2,4,westbound
979,1.0969528557929904,0,2,4,westbound
980,1.0332087568576949,0,2,5,westbound
981,0.929277762697414,0,2,5,westbound
982,0.7690924405088142,0,2,5,westbound
983,0.7833504728559988,0,2,4,westbound
984,1.038059284324043,0,2,5,westbound
985,1.086474809435321,0,2,4,westbound
986,1.118168982133609,0,2,5,westbound
987,1.1777329994568841,0,2,5,westbound
988,1.3171598255725743,0,2,4,westbound
989,0.8823476215972735,0,2,4,westbound
990,0.8964024288553204,0,2,3,westbound
991,1.0603267295089727,0,1,2,westbound
992,0.7426476763510581,0,1,1,westbound
993,0.8179302761601919,0,1,2,westbound
994,0.7432255438011081,0,1,2,westbound
610,1.1883639947198377,0,1,1,eastbound
611,0.833689886494883,0,1,1,eastbound
612,0.9493836669930238,0,1,1,eastbound
613,0.9041382488885668,0,2,2,eastbound
614,1.0484230470325722,0,1,2,eastbound
615,0.9572409475393389,0,1,2,eastbound
616,1.193989208893508,0,1,1,eastbound
617,1.322713878495594,0,2,2,eastbound
618,0.9735175829806922,0,1,1,eastbound
619,0.8856405673546539,0,1,1,eastbound
620,2.0547627650522133,2,2,3,eastbound
621,2.1046016504391107,1,2,3,eastbound
622,2.1570685825058233,2,2,3,eastbound
623,1.24435460768115,0,2,3,eastbound
624,2.197714249461878,1,1,2,eastbound
625,1.0495445447462128,0,1,1,eastbound
626,0.9854019587991103,0,1,1,eastbound
632,0.8200097549280295,0,2,2,eastbound
633,0.6181707495898809,0,2,3,eastbound
634,0.6350320940931726,0,2,3,eastbound
635,0.8417218473856745,0,2,3,eastbound
637,0.7149403822821787,0,1,1,eastbound
638,1.068087104474214,0,1,1,eastbound
639,1.2171730115907955,0,1,1,eastbound
640,1.223793238069496,0,2,2,eastbound
641,1.080287051739916,0,2,3,eastbound
642,1.3604134105123635,0,3,4,eastbound
643,1.674006781769418,0,1,1,eastbound
644,2.1657568791101536,3,3,4,eastbound
645,1.4817224205837967,1,3,4,eastbound
646,1.115981590126617,0,3,4,eastbound
647,1.5846678876524969,1,3,4,eastbound
648,2.3480032794767567,3,3,4,eastbound
649,2.821587101040169,3,3,4,eastbound
650,1.0591366683004164,0,3,4,eastbound
651,1.0008076388297236,0,3,4,eastbound
652,1.0564998525464673,0,3,4,eastbound
653,1.2429545174891685,0,3,4,eastbound
654,1.5553071155261275,1,2,3,eastbound
655,1.4716576360610722,0,2,3,eastbound
656,1.3831475655864254,0,2,4,eastbound
657,1.2581615950120322,0,3,5,eastbound
658,1.0440537043809353,0,3,4,eastbound
659,1.2490151542223762,0,3,4,eastbound
660,0.9234372611964934,0,3,4,eastbound
661,1.4386748476362539,0,2,3,eastbound
662,1.4632346837659624,0,2,3,eastbound
663,1.125516853467115,0,2,3,eastbound
664,0.6548643730255514,0,1,2,eastbound
665,0.8477458667222142,0,1,2,eastbound
666,0.7273669651687782,0,1,2,eastbound
667,0.6454097252581352,0,1,2,eastbound
668,0.8289788103947989,0,1,2,eastbound
669,0.8165693241387251,0,2,3,eastbound
670,0.7439124290372325,0,2,3,eastbound
671,1.0859911250766405,0,2,3,eastbound
672,1.450696418872808,0,1,2,eastbound
673,1.7698452674690366,2,3,4,eastbound
674,1.7050083881403775,1,2,3,eastbound
675,1.4336341895258065,1,3,4,eastbound
676,2.369983428648648,2,3,4,eastbound
677,1.1799196006184398,0,3,4,eastbound
678,0.5922795689900895,0,2,3,eastbound
679,1.32422746994237,0,3,5,eastbound
680,1.158594663660741,0,3,5,eastbound
681,1.3002823893874127,0,3,4,eastbound
682,1.0404928284839177,0,3,5,eastbound
683,0.8920427706905072,1,3,5,eastbound
684,0.9695561177336515,1,3,5,eastbound
685,0.7820398015419693,1,3,5,eastbound
686,1.1237579775794502,0,3,5,eastbound
687,1.9036637891634496,1,1,2,eastbound
688,3.561049310186818,1,1,2,eastbound
689,1.8725263704728776,1,1,1,eastbound
690,2.1077452098057847,1,1,1,eastbound
691,1.3395459536968135,0,1,1,eastbound
695,1.0080659803166823,0,1,1,eastbound
696,1.5623705512526023,0,1,2,eastbound
697,1.8327614718221577,1,1,2,eastbound
698,2.2570098924760362,1,2,3,eastbound
699,1.0142078257791567,0,2,4,eastbound
700,1.1006101811014546,0,2,4,eastbound
701,0.9265752368981295,0,2,3,eastbound
702,0.775142962920601,0,1,2,eastbound
703,1.0147524214203045,0,1,2,eastbound
704,0.6078266152617444,0,1,2,eastbound
705,0.6936018956714745,0,2,4,eastbound
706,0.676934459219156,0,2,4,eastbound
707,0.845786278457915,0,2,4,eastbound
708,1.005902176472,0,2,4,eastbound
709,1.0401237940030965,0,2,4,eastbound
710,1.1263947956834792,0,2,4,eastbound
711,1.3959455032998807,0,2,4,eastbound
712,1.191948178154592,0,2,4,eastbound
713,0.9950859097947774,0,2,4,eastbound
714,1.7412628746221865,1,2,3,eastbound
715,2.105915358618394,2,2,3,eastbound
716,1.1003530469787055,0,2,4,eastbound
717,0.8510601356666575,0,1,2,eastbound
718,0.9138962880241782,0,1,2,eastbound
719,1.1742715859372215,0,1,2,eastbound
720,2.10290334623315,1,1,2,eastbound
721,2.308823220421253,1,1,2,eastbound
722,1.6448271678830242,0,1,2,eastbound
723,1.2766531084642014,1,2,3,eastbound
724,1.0452207729237193,0,2,3,eastbound
725,0.9707951402018805,0,2,4,eastbound
726,0.8239448267576481,0,2,4,eastbound
727,0.6228162532380754,0,3,5,eastbound
728,0.7814264638951783,0,3,5,eastbound
729,0.9642482849063596,0,3,5,eastbound
730,1.1850172621708448,0,2,4,eastbound
731,0.8668045048085089,0,2,4,eastbound
732,0.7807900253113222,0,2,4,eastbound
733,0.555758668370522,0,1,2,eastbound
734,0.5177504807596002,0,1,2,eastbound
735,0.4886478252674471,0,1,2,eastbound
736,0.3801797319671316,0,1,2,eastbound
737,0.5244399269815943,0,1,2,eastbound
738,0.43878432071203416,0,1,2,eastbound
739,0.422449604090125,0,1,2,eastbound
740,0.40321685885433034,0,1,2,eastbound
741,0.523131207351246,0,2,4,eastbound
742,0.7271326968910092,0,2,3,eastbound
743,0.4828435807881163,0,3,4,eastbound
744,0.6427599711242703,0,3,5,eastbound
745,0.5957589582466796,0,2,4,eastbound
746,0.7099876996215837,0,2,4,eastbound
747,0.7386107336252155,0,2,3,eastbound
748,0.6185211759838835,0,1,2,eastbound
749,0.5229057407696733,0,1,2,eastbound
750,0.6863560769215229,0,2,3,eastbound
751,0.6915972150139567,0,2,3,eastbound
752,0.6916006782361745,0,2,4,eastbound
753,0.844078946829083,0,2,4,eastbound
754,1.0548575768945805,0,2,4,eastbound
755,0.9922101334473221,0,2,3,eastbound
756,0.7521261174772264,0,2,3,eastbound
757,0.6626700980354445,0,2,3,eastbound
758,0.6215860953167474,0,2,3,eastbound
759,0.5684447885491385,0,2,3,eastbound
760,0.6877691959208319,0,2,3,eastbound
761,0.7774029036559403,0,2,4,eastbound
762,0.7322420203569238,0,2,4,eastbound
763,1.0751465620783267,0,2,4,eastbound
764,0.7703163501473782,0,2,4,eastbound
765,0.9141396192027731,0,2,3,eastbound
766,1.0246158464765744,0,2,3,eastbound
767,0.8144420762798307,0,2,3,eastbound
768,1.0339970798962173,0,1,2,eastbound
769,0.46318173663439544,0,2,3,eastbound
770,0.5154281061884051,0,1,1,eastbound
771,1.0489880618395564,0,1,2,eastbound
772,1.588065164844875,0,1,2,eastbound
773,1.2627495848556358,0,2,4,eastbound
774,1.823601308673032,0,1,2,eastbound
775,2.4176969237460506,1,1,2,eastbound
776,2.2278789158039585,1,1,1,eastbound
778,1.0447091945577516,0,1,2,eastbound
779,0.922985761491801,0,1,1,eastbound
783,2.5566049081298337,1,1,1,eastbound
784,1.1315071955887273,0,1,1,eastbound
785,0.7081215115194022,0,1,2,eastbound
786,0.5847730550291173,0,1,2,eastbound
787,0.5109826140245944,0,1,2,eastbound
788,0.6602696241020323,0,2,4,eastbound
789,0.597290791685531,0,2,4,eastbound
790,0.5704095270489027,0,2,4,eastbound
791,0.5385691708759548,0,2,4,eastbound
792,0.5799616177680402,0,2,4,eastbound
793,0.5870534668738523,0,2,4,eastbound
794,1.031403991115376,0,2,4,eastbound
795,1.2298111528153182,0,2,3,eastbound
796,1.437215337186426,0,1,2,eastbound
800,0.6683800499713775,0,1,1,eastbound
801,0.693895027976672,0,1,1,eastbound
803,0.7147114841400747,0,1,1,eastbound
804,0.8558637376815488,0,1,1,eastbound
806,1.0289841319402822,0,1,1,eastbound
807,1.1254408769110789,0,1,1,eastbound
808,0.9714220671363352,0,2,3,eastbound
809,0.643940588837906,0,1,1,eastbound
810,1.0341955529402036,0,2,2,eastbound
811,0.8898578083294042,0,2,2,eastbound
812,0.7155333709756835,0,1,1,eastbound
813,0.9334365022780916,0,1,1,eastbound
814,1.112397706073165,0,1,1,eastbound
815,0.9366140455828669,0,2,3,eastbound
816,0.7984760734210439,0,2,3,eastbound
817,0.7944926258886467,0,2,3,eastbound
818,0.9643980482328172,0,2,3,eastbound
819,0.7789221140640532,0,2,3,eastbound
820,0.8139642462252752,0,2,3,eastbound
821,0.7871064656912938,0,1,2,eastbound
822,0.6849009871472789,0,1,2,eastbound
823,0.5640317679785672,0,2,3,eastbound
824,0.6183912142478398,0,1,2,eastbound
825,0.6547596064152426,0,1,2,eastbound
826,0.7284414791624219,0,1,2,eastbound
827,1.0244467109163764,0,1,2,eastbound
828,0.9952030955334439,0,1,2,eastbound
832,1.3257590831600186,0,2,2,eastbound
833,1.266610322281405,0,3,3,eastbound
834,0.9299771446802241,0,2,2,eastbound
835,0.7609221019240318,0,2,2,eastbound
836,0.7319056602304974,0,1,1,eastbound
837,0.4303527532357077,0,1,1,eastbound
838,0.21250679565105066,0,1,1,eastbound
839,1.4605442385450915,0,1,1,eastbound
840,1.0684185841171983,0,2,2,eastbound
841,1.1478622232619629,0,1,1,eastbound
842,0.7378766483329664,0,1,2,eastbound
843,0.9347750833422837,0,2,3,eastbound
844,0.9376425532696907,0,2,3,eastbound
845,0.9694028896827704,0,1,2,eastbound
846,0.6916052457646666,0,1,2,eastbound
847,0.7339234397311478,0,2,3,eastbound
848,0.9104479266207592,0,2,4,eastbound
849,0.9611539981512127,0,2,4,eastbound
850,0.5605265232447376,0,2,4,eastbound
851,0.768971304350442,0,2,3,eastbound
852,0.7970255826607623,0,2,3,eastbound
853,0.7637385629805828,0,2,4,eastbound
854,0.809452103996203,0,2,4,eastbound
855,0.7485171415551816,0,2,4,eastbound
856,0.8821409040935345,0,2,3,eastbound
857,0.8819490861738362,0,2,3,eastbound
858,0.8451536046399903,0,2,3,eastbound
859,0.6362075803387637,0,1,2,eastbound
860,0.9104465946252678,0,2,2,eastbound
861,1.045337359106051,0,2,3,eastbound
862,1.3184304105694928,0,1,2,eastbound
863,1.1691639456677756,0,1,2,eastbound
864,1.3492347180436388,0,1,2,eastbound
865,1.672976969375663,0,1,2,eastbound
877,0.9362049322596788,0,1,1,eastbound
878,1.1212054353712684,0,1,2,eastbound
879,0.9248717705621344,0,1,1,eastbound
880,0.8922198919570106,0,2,4,eastbound
881,1.097204971885896,0,2,4,eastbound
882,1.1470566876373942,0,2,3,eastbound
883,0.5760600539670423,0,2,3,eastbound
884,0.9564534491591383,0,2,3,eastbound
885,1.2539137561536156,0,1,1,eastbound
886,0.9527989484657872,0,2,3,eastbound
887,0.8108831479579383,0,2,4,eastbound
888,1.3936703392089707,0,2,4,eastbound
889,1.1279316096806866,0,2,4,eastbound
890,0.9227564045751346,0,2,4,eastbound
891,1.1435869199981439,0,2,3,eastbound
892,0.9761134234687837,0,2,4,eastbound
893,0.8800602540584779,0,2,4,eastbound
894,0.8728006089318878,0,3,5,eastbound
895,0.7964433529919119,0,3,5,eastbound
896,0.9177605286752258,0,3,5,eastbound
897,1.1060264450911668,0,3,4,eastbound
898,1.358449414728825,0,3,5,eastbound
899,0.9529090516159766,0,3,5,eastbound
900,0.8281031742496576,0,2,4,eastbound
901,0.9576465022465801,0,2,4,eastbound
902,1.291514220147985,0,2,4,eastbound
903,1.3217156986571532,0,2,4,eastbound
904,1.2465855974535296,0,2,4,eastbound
905,1.4452995154889157,0,3,4,eastbound
906,1.525496034233977,0,3,5,eastbound
907,1.1813932175964612,1,3,5,eastbound
908,0.8712301193152594,0,3,5,eastbound
909,0.8257437427366777,0,3,5,eastbound
910,0.8523504059994758,0,3,5,eastbound
911,1.4678489077292054,0,2,4,eastbound
912,1.3680569444221178,0,2,4,eastbound
913,2.362490530367867,2,2,4,eastbound
914,2.9799241062513713,2,2,4,eastbound
915,2.8984355160032615,2,2,4,eastbound
916,3.2345600685337086,2,2,4,eastbound
917,1.6742851795861475,1,2,4,eastbound
918,2.241587246980878,2,2,3,eastbound
919,0.9396674586262197,0,2,3,eastbound
920,0.8120543967121658,0,2,4,eastbound
921,1.0112989443416862,0,2,4,eastbound
922,0.9851219241341068,0,3,5,eastbound
923,1.229176127573745,0,2,3,eastbound
924,1.466901754620423,0,3,4,eastbound
925,1.1509876982842595,0,2,3,eastbound
926,1.2658251299665488,0,3,4,eastbound
927,1.9923031982761128,3,3,4,eastbound
928,2.3089262272401068,2,3,4,eastbound
929,2.814206947622726,1,1,1,eastbound
932,0.6641077761670182,0,1,1,eastbound
933,0.5028529121454859,0,1,1,eastbound
934,0.502820755970768,0,1,1,eastbound
935,0.6916389802531827,0,1,1,eastbound
936,0.7778563313014015,0,2,2,eastbound
937,1.0649366842088699,0,2,3,eastbound
938,0.9487429647679142,0,3,5,eastbound
939,0.8825248732239804,0,3,5,eastbound
940,0.7832642958724095,0,3,4,eastbound
941,0.664327683638007,0,3,4,eastbound
942,1.0605072037930916,0,3,4,eastbound
943,0.79503984815125,0,3,5,eastbound
944,0.9441717474670281,1,3,5,eastbound
945,0.7753072642724125,0,3,4,eastbound
946,0.9191891261140753,0,3,4,eastbound
947,0.9445130527479171,1,3,5,eastbound
948,0.7225370510124012,0,3,5,eastbound
949,0.8177832531265654,0,3,5,eastbound
950,1.0480785762325422,0,2,3,eastbound
951,1.1137066607347903,0,3,4,eastbound
952,1.614288021969421,1,3,5,eastbound
953,1.1253714408512272,0,3,5,eastbound
954,0.9761239413095917,0,3,5,eastbound
955,0.8187877642414378,0,3,5,eastbound
956,0.8854673838145799,0,2,4,eastbound
957,0.6923011741013716,0,3,4,eastbound
958,1.0211605071121161,0,3,5,eastbound
959,1.665241350855065,2,3,5,eastbound
960,1.6905242671904324,0,3,5,eastbound
961,1.1574254087588702,0,3,5,eastbound
962,1.3184147014644503,0,2,4,eastbound
963,1.6102928167034767,1,3,5,eastbound
964,1.1089262825818085,0,3,5,eastbound
965,1.1807646310873083,0,3,5,eastbound
966,1.8982824108638947,2,3,5,eastbound
967,1.1447193073187498,0,3,5,eastbound
968,0.841319231516926,0,3,5,eastbound
969,0.8517128957143049,0,3,5,eastbound
970,0.8968587764480442,0,3,5,eastbound
971,1.045970529863192,0,3,5,eastbound
972,1.0451302154777193,0,2,4,eastbound
973,1.090410831830108,0,3,5,eastbound
974,1.368631798047335,0,3,5,eastbound
975,1.1089871642408187,0,3,5,eastbound
976,1.1763770341182087,1,3,5,eastbound
977,1.3100304878030822,1,3,5,eastbound
978,0.9407440069864614,0,3,5,eastbound
979,0.7141600819624793,0,3,5,eastbound
980,0.7046923274973816,0,3,4,eastbound
981,0.6452761115495591,0,2,3,eastbound
982,0.7503792525387555,0,2,3,eastbound
983,0.8129289825886366,0,2,3,eastbound
984,0.9683476161942205,0,2,3,eastbound
985,1.0922946259722126,0,2,3,eastbound
986,0.7998078903606549,0,2,3,eastbound
987,0.6980188283283881,0,2,3,eastbound
988,0.858363559344709,0,2,3,eastbound
989,0.932022930920392,0,2,3,eastbound
990,0.7795868879561159,0,2,3,eastbound
991,0.9177486320128846,0,2,3,eastbound
992,0.896754876057697,0,2,3,eastbound
