file,sample_rate_hz,tilt_deg,gps_fixes,direction,from_m,to_m,covered_km,moving_windows,start_epoch,start_local,run
3 2026-09-26 11-43-20.xlsx,99.7,10.3,1008,eastbound,15292.971301681528,24878.24112111394,9.59,686,1790447158.67608,11:25:58,R01
Track Scan 2026-09-26 09-51-58.xlsx,99.9,7.4,654,westbound,15729.153144312464,21786.319010126797,6.06,439,1790440468.145833,09:34:28,R02
Track Scan 2026-09-26 10-49-47.xlsx,99.9,0.6,989,westbound,15796.584257670173,24922.782950802233,9.13,654,1790443846.772713,10:30:46,R03
Track record arjan 2026-09-26 10-23-58.xlsx,99.8,10.2,592,eastbound,15253.710091636103,24906.349083937625,9.65,500,1790442428.80865,10:07:08,R04
track2 2026-09-26 10-14-40.xlsx,100.3,3.8,920,eastbound,15314.76256850755,24907.20938693486,9.59,726,1790441896.8818169,09:58:16,R05
track_brooke_1 2026-09-26 09-52-13.xlsx,99.7,1.9,1004,westbound,15326.444606206112,24869.783690660348,9.54,719,1790440465.302901,09:34:25,R06
track_brooke_2 2026-09-26 10-14-42.xlsx,99.7,2.4,916,eastbound,15310.741834183884,24911.820002850825,9.6,715,1790441893.199877,09:58:13,R07
track_brooke_3 2026-09-26 10-49-40.xlsx,99.7,14.0,1099,westbound,15330.209865866458,24922.743772696293,9.59,685,1790443853.859047,10:30:53,R08
track_suhela_1 2026-09-26 09-51-59.xlsx,100.3,1.8,1001,westbound,15318.673603482528,24919.838265882045,9.6,762,1790440464.255165,09:34:24,R09
track_suhela_3 2026-09-26 10-50-10.xlsx,100.3,8.6,1103,westbound,15341.715559583734,24922.971015080373,9.58,687,1790443849.7634459,10:30:49,R10
track_suhela_4 2026-09-26 11-43-18.xlsx,100.3,8.8,689,eastbound,15262.085929668096,24863.194604223998,9.6,601,1790447156.53094,11:25:56,R11
