seq,lat,lon
1,34.033403,-118.153066
2,34.033421,-118.154015
3,34.033446,-118.155274
4,34.033431,-118.155853
5,34.033429,-118.156006
6,34.033419,-118.157703
7,34.033412,-118.158551
8,34.033408,-118.159471
9,34.033406,-118.160239
10,34.033405,-118.16067
11,34.033395,-118.161227
12,34.033376,-118.162345
13,34.033363,-118.16269
14,34.033358,-118.163065
15,34.033349,-118.163922
16,34.033339,-118.164688
17,34.033329,-118.166073
18,34.033337,-118.166609
19,34.033339,-118.167036
20,34.033335,-118.167904
21,34.033327,-118.168828
22,34.033317,-118.169318
23,34.03331,-118.169471
24,34.033308,-118.169659
25,34.033307,-118.170542
26,34.033298,-118.17169
27,34.033298,-118.172464
28,34.033308,-118.172782
29,34.033318,-118.173014
30,34.033344,-118.17347
31,34.033366,-118.173894
32,34.033377,-118.174139
33,34.033388,-118.174616
34,34.033388,-118.175048
35,34.033386,-118.175769
36,34.033381,-118.176434
37,34.033376,-118.177189
38,34.033373,-118.177859
39,34.033368,-118.178638
40,34.033365,-118.17941
41,34.033364,-118.180089
42,34.033358,-118.181476
43,34.033352,-118.182476
44,34.033343,-118.183265
45,34.033338,-118.184129
46,34.033331,-118.185089
47,34.033327,-118.186152
48,34.033322,-118.186794
49,34.033319,-118.187623
50,34.033315,-118.188528
51,34.033313,-118.189654
52,34.033306,-118.190333
53,34.03329,-118.190825
54,34.033277,-118.191231
55,34.033267,-118.191605
56,34.033273,-118.191739
57,34.033294,-118.191827
58,34.033322,-118.19188
59,34.033359,-118.191942
60,34.03341,-118.19201
61,34.033467,-118.192066
62,34.033518,-118.192097
63,34.033603,-118.192117
64,34.034934,-118.192141
65,34.035041,-118.192152
66,34.035338,-118.192195
67,34.035473,-118.192206
68,34.035591,-118.192227
69,34.035668,-118.192251
70,34.035742,-118.192283
71,34.035814,-118.192317
72,34.035864,-118.192345
73,34.035921,-118.192404
74,34.035978,-118.192465
75,34.036028,-118.192534
76,34.036074,-118.192605
77,34.036116,-118.192689
78,34.036527,-118.19361
79,34.036869,-118.194374
80,34.036951,-118.194546
81,34.03707,-118.194781
82,34.037247,-118.195124
83,34.037303,-118.195232
84,34.037383,-118.195396
85,34.037497,-118.195651
86,34.037587,-118.195851
87,34.037666,-118.196028
88,34.037699,-118.196104
89,34.038773,-118.198664
90,34.039576,-118.200491
91,34.040332,-118.202209
92,34.041221,-118.204226
93,34.041969,-118.205924
94,34.042779,-118.207748
95,34.043445,-118.209263
96,34.044129,-118.210814
97,34.044235,-118.211045
98,34.044272,-118.211127
99,34.044327,-118.211268
100,34.044356,-118.211388
101,34.044394,-118.211528
102,34.044442,-118.211726
103,34.044489,-118.211932
104,34.044525,-118.212113
105,34.044543,-118.212233
106,34.044591,-118.21248
107,34.04464,-118.212715
108,34.044707,-118.21295
109,34.044884,-118.21343
110,34.044895,-118.213459
111,34.045106,-118.213937
112,34.045937,-118.215788
113,34.04604,-118.216017
114,34.046222,-118.216371
115,34.046319,-118.216535
116,34.046455,-118.216756
117,34.0467,-118.217129
118,34.046831,-118.217347
119,34.046968,-118.2176
120,34.047059,-118.217818
121,34.047108,-118.217955
122,34.04718,-118.218173
123,34.047229,-118.218351
124,34.047255,-118.218523
125,34.047272,-118.218678
126,34.047283,-118.218795
127,34.047293,-118.218919
128,34.047305,-118.219091
129,34.047312,-118.219239
130,34.047356,-118.220495
131,34.047371,-118.220775
132,34.047373,-118.221093
133,34.047384,-118.221975
134,34.047397,-118.222249
135,34.047434,-118.222854
136,34.047519,-118.224198
137,34.047556,-118.224739
138,34.047574,-118.2249
139,34.047601,-118.225116
140,34.047625,-118.225311
141,34.047636,-118.225423
142,34.047707,-118.226559
143,34.04774,-118.227111
144,34.047774,-118.227691
145,34.047818,-118.228407
146,34.047853,-118.228968
147,34.047885,-118.229424
148,34.047906,-118.229672
149,34.047963,-118.230138
150,34.048045,-118.230711
151,34.048097,-118.231087
152,34.048159,-118.231565
153,34.048246,-118.232182
154,34.04831,-118.232643
155,34.048362,-118.233037
156,34.048404,-118.233373
157,34.048463,-118.233912
158,34.048539,-118.234498
159,34.048597,-118.234949
160,34.04865,-118.235274
161,34.048676,-118.235469
162,34.048729,-118.235817
163,34.04876,-118.236012
164,34.048802,-118.23626
165,34.048836,-118.236471
166,34.048893,-118.23684
167,34.048923,-118.237052
168,34.049002,-118.237608
169,34.049003,-118.237612
170,34.049019,-118.237739
171,34.049025,-118.237823
172,34.049027,-118.237907
173,34.049024,-118.237991
174,34.049017,-118.238075
175,34.049001,-118.238214
176,34.048762,-118.239406
177,34.048717,-118.239657
178,34.048702,-118.239784
179,34.048694,-118.239911
180,34.048693,-118.240039
181,34.048699,-118.240167
182,34.048711,-118.240293
183,34.048731,-118.240419
184,34.048757,-118.240543
185,34.04879,-118.240664
186,34.048829,-118.240783
187,34.048874,-118.240899
188,34.048926,-118.24101
189,34.048973,-118.2411
190,34.04908,-118.241284
191,34.050189,-118.243143
192,34.05035,-118.243411
193,34.050486,-118.243633
194,34.05064,-118.243878
195,34.050792,-118.244114
196,34.054388,-118.249682
197,34.054421,-118.249732
198,34.054448,-118.249774
199,34.054474,-118.249817
200,34.0545,-118.24986
201,34.054526,-118.249904
202,34.05455,-118.249948
203,34.054604,-118.250055
204,34.054651,-118.250165
205,34.054693,-118.25028
206,34.054728,-118.250397
207,34.054757,-118.250516
208,34.05478,-118.250638
209,34.054796,-118.250761
210,34.054805,-118.250885
211,34.054807,-118.25101
212,34.054803,-118.251134
213,34.054792,-118.251265
214,34.054689,-118.252421
215,34.054676,-118.252552
216,34.054659,-118.25267
217,34.054636,-118.252786
218,34.054606,-118.2529
219,34.054572,-118.253012
220,34.054531,-118.253121
221,34.054485,-118.253227
222,34.054433,-118.253329
223,34.054377,-118.253427
224,34.054315,-118.25352
225,34.054249,-118.253609
226,34.054178,-118.253693
227,34.054152,-118.253722
228,34.054125,-118.25375
229,34.054098,-118.253777
230,34.054084,-118.253791
231,34.054064,-118.253811
232,34.054036,-118.253837
233,34.054008,-118.253864
234,34.05398,-118.25389
235,34.053966,-118.253903
236,34.049431,-118.258025
237,34.049023,-118.258413
238,34.04885,-118.258578
239,34.04873,-118.258692
240,34.048707,-118.258715
241,34.048581,-118.258847
242,34.048485,-118.258949
243,34.047642,-118.259711
244,34.046764,-118.260534
245,34.04647,-118.260809
246,34.045994,-118.261253
247,34.045599,-118.261622
248,34.045169,-118.262016
249,34.044779,-118.262378
250,34.044319,-118.262798
251,34.043919,-118.263167
252,34.043436,-118.263612
253,34.043059,-118.263955
254,34.042836,-118.264171
255,34.042668,-118.264327
256,34.042668,-118.264327
257,34.042537,-118.26445
258,34.042207,-118.264757
259,34.041694,-118.265224
260,34.041425,-118.265482
261,34.041098,-118.265818
262,34.040765,-118.266132
263,34.040687,-118.266205
264,34.04038,-118.266495
265,34.040151,-118.266703
266,34.039826,-118.266931
267,34.039571,-118.267091
268,34.039192,-118.267327
269,34.038851,-118.267548
270,34.038474,-118.267789
271,34.038112,-118.268021
272,34.038112,-118.268021
273,34.037747,-118.268252
274,34.037179,-118.268618
275,34.036968,-118.268753
276,34.036812,-118.268853
277,34.036478,-118.269061
278,34.036179,-118.269255
279,34.035812,-118.269485
280,34.035495,-118.269695
281,34.035181,-118.269895
282,34.034862,-118.270098
283,34.034502,-118.270333
284,34.034251,-118.270487
285,34.034251,-118.270487
286,34.034046,-118.270644
287,34.033891,-118.270782
288,34.033777,-118.270873
289,34.033444,-118.271073
290,34.032923,-118.271395
291,34.032499,-118.271666
292,34.032043,-118.271923
293,34.031742,-118.272081
294,34.031506,-118.272208
295,34.031506,-118.272208
296,34.031381,-118.272274
297,34.031278,-118.272329
298,34.031278,-118.272329
299,34.030755,-118.272609
300,34.030326,-118.272856
301,34.030147,-118.272968
302,34.029787,-118.273202
303,34.029103,-118.273644
304,34.028564,-118.274003
305,34.028431,-118.274094
306,34.028278,-118.274218
307,34.028182,-118.274331
308,34.028115,-118.274403
309,34.028047,-118.274497
310,34.027981,-118.274572
311,34.027859,-118.274697
312,34.027779,-118.274763
313,34.027643,-118.274849
314,34.027259,-118.27502
315,34.026944,-118.275155
316,34.02675,-118.275245
317,34.026627,-118.275308
318,34.026375,-118.275481
319,34.02616,-118.275634
320,34.025986,-118.275756
321,34.02575,-118.27592
322,34.025212,-118.276266
323,34.024935,-118.276442
324,34.024935,-118.276442
325,34.024691,-118.276597
326,34.024479,-118.276719
327,34.02394,-118.277065
328,34.023402,-118.277408
329,34.023124,-118.277565
330,34.023124,-118.277565
331,34.022896,-118.277695
332,34.022564,-118.277881
333,34.022381,-118.277971
334,34.021916,-118.27825
335,34.021621,-118.278458
336,34.021317,-118.278685
337,34.020635,-118.27916
338,34.02014,-118.279486
339,34.019653,-118.279794
340,34.019215,-118.28006
341,34.019088,-118.280145
342,34.019088,-118.280145
343,34.019085,-118.280146
344,34.018659,-118.280411
345,34.018492,-118.280603
346,34.018428,-118.280728
347,34.018369,-118.280971
348,34.018333,-118.281383
349,34.018306,-118.28201
350,34.018286,-118.282788
351,34.01827,-118.283476
352,34.018266,-118.283662
353,34.018264,-118.283926
354,34.018264,-118.283926
355,34.01826,-118.284749
356,34.018256,-118.285403
357,34.018256,-118.285707
358,34.018251,-118.286473
359,34.018253,-118.287187
360,34.018257,-118.287874
361,34.01826,-118.288668
362,34.018261,-118.28927
363,34.01826,-118.290126
364,34.018262,-118.290872
365,34.018269,-118.291544
366,34.018273,-118.29252
367,34.018275,-118.29311
368,34.018281,-118.293756
369,34.018287,-118.293981
370,34.018287,-118.293981
371,34.018288,-118.294011
372,34.018289,-118.294919
373,34.018292,-118.295667
374,34.018292,-118.296323
375,34.018295,-118.297053
376,34.018295,-118.297731
377,34.018295,-118.298532
378,34.018298,-118.299248
379,34.018304,-118.300071
380,34.018303,-118.300834
381,34.018305,-118.301504
382,34.018303,-118.302351
383,34.018305,-118.302912
384,34.018306,-118.304533
385,34.018316,-118.305551
386,34.018322,-118.30648
387,34.01833,-118.307266
388,34.018335,-118.30791
389,34.018346,-118.308914
390,34.018352,-118.309948
391,34.018371,-118.310818
392,34.018389,-118.311644
393,34.018388,-118.31236
394,34.018389,-118.313085
395,34.018393,-118.313341
396,34.018393,-118.313341
397,34.018398,-118.313593
398,34.018417,-118.314603
399,34.018428,-118.314838
400,34.018435,-118.314981
401,34.018448,-118.315223
402,34.018483,-118.315615
403,34.018554,-118.316143
404,34.018659,-118.316847
405,34.018714,-118.317192
406,34.018757,-118.317488
407,34.018809,-118.317794
408,34.019004,-118.31887
409,34.019028,-118.318991
410,34.019291,-118.320175
411,34.01941,-118.320672
412,34.019639,-118.321624
413,34.019922,-118.322841
414,34.020278,-118.324373
415,34.020504,-118.325337
416,34.020722,-118.326279
417,34.020916,-118.327114
418,34.021133,-118.328037
419,34.021237,-118.328521
420,34.021471,-118.329594
421,34.02163,-118.330379
422,34.021759,-118.331012
423,34.021759,-118.331012
424,34.021809,-118.331256
425,34.021909,-118.33176
426,34.021967,-118.332033
427,34.022145,-118.332948
428,34.022396,-118.334261
429,34.022556,-118.335108
430,34.02273,-118.336056
431,34.0228,-118.336533
432,34.022974,-118.337654
433,34.023133,-118.338681
434,34.023167,-118.338908
435,34.023264,-118.339699
436,34.023363,-118.340489
437,34.023408,-118.340869
438,34.023551,-118.342052
439,34.023688,-118.343203
440,34.023802,-118.344271
441,34.023928,-118.345452
442,34.02396,-118.345762
443,34.024046,-118.346621
444,34.024103,-118.347196
445,34.024187,-118.348034
446,34.024292,-118.349157
447,34.024376,-118.350076
448,34.024451,-118.350885
449,34.024554,-118.352012
450,34.024641,-118.352954
451,34.024745,-118.354098
452,34.024908,-118.355837
453,34.024954,-118.356332
454,34.024997,-118.3568
455,34.025029,-118.35715
456,34.025072,-118.357587
457,34.025143,-118.358366
458,34.025218,-118.359175
459,34.025303,-118.360107
460,34.025382,-118.360963
461,34.025479,-118.362026
462,34.025576,-118.363047
463,34.025641,-118.36359
464,34.025744,-118.364436
465,34.02584,-118.365214
466,34.025887,-118.365692
467,34.02592,-118.366016
468,34.025964,-118.366498
469,34.025964,-118.366498
470,34.025978,-118.366654
471,34.026028,-118.367251
472,34.026085,-118.368044
473,34.026109,-118.368369
474,34.026109,-118.368369
475,34.026141,-118.368812
476,34.0262,-118.369571
477,34.02628,-118.370607
478,34.026308,-118.370993
479,34.026369,-118.371716
480,34.026396,-118.372075
481,34.026449,-118.372721
482,34.026494,-118.373232
483,34.026583,-118.374167
484,34.026682,-118.375234
485,34.026711,-118.375555
486,34.026763,-118.37612
487,34.02681,-118.376616
488,34.026891,-118.377414
489,34.026995,-118.378453
490,34.027048,-118.378956
491,34.027068,-118.379161
492,34.027093,-118.37951
493,34.027149,-118.380088
494,34.027182,-118.380456
495,34.027311,-118.381846
496,34.027372,-118.382396
497,34.02744,-118.382983
498,34.027549,-118.383939
499,34.027605,-118.384707
500,34.027655,-118.385407
501,34.0277,-118.386125
502,34.027755,-118.386945
503,34.027838,-118.38791
504,34.027957,-118.389235
505,34.028139,-118.391104
506,34.028259,-118.392223
507,34.028308,-118.392667
508,34.028373,-118.393371
509,34.02845,-118.394217
510,34.028561,-118.395456
511,34.028619,-118.396126
512,34.028697,-118.39699
513,34.028737,-118.39739
514,34.028815,-118.398234
515,34.028854,-118.398673
516,34.028918,-118.399366
517,34.028998,-118.40022
518,34.029069,-118.401011
519,34.029142,-118.401784
520,34.029215,-118.40258
521,34.029278,-118.403249
522,34.029313,-118.403651
523,34.029351,-118.404086
524,34.029395,-118.404601
525,34.029469,-118.405432
526,34.029504,-118.405924
527,34.029504,-118.405924
528,34.02951,-118.406005
529,34.029552,-118.406492
530,34.029552,-118.406498
531,34.029552,-118.406498
532,34.029589,-118.406984
533,34.029627,-118.407465
534,34.029677,-118.407913
535,34.029765,-118.408447
536,34.029765,-118.408447
537,34.029766,-118.408461
538,34.029823,-118.408811
539,34.029823,-118.408811
540,34.029833,-118.408873
541,34.029934,-118.409477
542,34.029963,-118.409634
543,34.029991,-118.409788
544,34.030031,-118.409943
545,34.030124,-118.410308
546,34.030336,-118.411004
547,34.030438,-118.41132
548,34.030546,-118.411667
549,34.030761,-118.41236
550,34.030891,-118.412756
551,34.030925,-118.412837
552,34.030978,-118.412949
553,34.031038,-118.413053
554,34.031125,-118.413175
555,34.031227,-118.413292
556,34.031465,-118.4135
557,34.031555,-118.413571
558,34.031719,-118.41374
559,34.031797,-118.413823
560,34.031939,-118.414016
561,34.032006,-118.414126
562,34.032123,-118.414336
563,34.032209,-118.414539
564,34.032308,-118.414765
565,34.032458,-118.415112
566,34.032594,-118.415346
567,34.032688,-118.415499
568,34.032797,-118.415644
569,34.03289,-118.415764
570,34.032986,-118.415872
571,34.033085,-118.415982
572,34.03317,-118.416062
573,34.033276,-118.416154
574,34.033412,-118.416254
575,34.033484,-118.416303
576,34.033529,-118.416332
577,34.033701,-118.41643
578,34.033986,-118.416596
579,34.034326,-118.416782
580,34.034597,-118.416935
581,34.034885,-118.417096
582,34.035056,-118.417192
583,34.035148,-118.417252
584,34.035292,-118.417347
585,34.035358,-118.417394
586,34.035492,-118.417503
587,34.035599,-118.41759
588,34.035854,-118.417833
589,34.035953,-118.41794
590,34.036086,-118.418093
591,34.036162,-118.41819
592,34.036267,-118.418327
593,34.036388,-118.418505
594,34.036472,-118.41863
595,34.036516,-118.41871
596,34.036602,-118.41887
597,34.036658,-118.418979
598,34.036672,-118.419011
599,34.03675,-118.419178
600,34.036824,-118.419351
601,34.036889,-118.419525
602,34.036965,-118.419735
603,34.036997,-118.419856
604,34.037041,-118.420005
605,34.03707,-118.420127
606,34.037128,-118.420414
607,34.037164,-118.42063
608,34.037187,-118.420822
609,34.037203,-118.420983
610,34.037213,-118.421241
611,34.037221,-118.421469
612,34.037192,-118.422016
613,34.037105,-118.422743
614,34.036952,-118.423861
615,34.036802,-118.424902
616,34.03668,-118.42574
617,34.036467,-118.427124
618,34.036349,-118.427895
619,34.03622,-118.428718
620,34.036092,-118.429556
621,34.036087,-118.429594
622,34.036087,-118.429594
623,34.036057,-118.429802
624,34.036057,-118.429802
625,34.036033,-118.42997
626,34.035973,-118.430381
627,34.035856,-118.431148
628,34.035808,-118.431523
629,34.035733,-118.432162
630,34.035654,-118.4329
631,34.035552,-118.433617
632,34.035377,-118.43486
633,34.035306,-118.435341
634,34.035182,-118.435996
635,34.03509,-118.436439
636,34.034955,-118.437089
637,34.034768,-118.438028
638,34.034392,-118.439845
639,34.033955,-118.441972
640,34.033764,-118.442938
641,34.033505,-118.444264
642,34.033306,-118.445264
643,34.03313,-118.446138
644,34.032999,-118.44678
645,34.032932,-118.447108
646,34.032725,-118.448141
647,34.032524,-118.449142
648,34.032349,-118.450021
649,34.032115,-118.451175
650,34.031893,-118.452267
651,34.031625,-118.45354
652,34.03136,-118.454778
653,34.031159,-118.455711
654,34.030972,-118.456579
655,34.030972,-118.456579
656,34.030829,-118.457244
657,34.030775,-118.457537
658,34.030509,-118.458822
659,34.030317,-118.459756
660,34.030112,-118.46076
661,34.029816,-118.4622
662,34.029551,-118.463481
663,34.029361,-118.464416
664,34.029206,-118.465164
665,34.02909,-118.465729
666,34.029025,-118.466008
667,34.028939,-118.466347
668,34.028847,-118.46665
669,34.02877,-118.466889
670,34.02858,-118.467457
671,34.02831,-118.468257
672,34.028289,-118.468317
673,34.028289,-118.468317
674,34.028043,-118.469044
675,34.027812,-118.469719
676,34.027731,-118.469957
677,34.027559,-118.470475
678,34.027299,-118.471241
679,34.027064,-118.471928
680,34.026699,-118.472883
681,34.026171,-118.474228
682,34.026127,-118.474342
683,34.026052,-118.474515
684,34.025862,-118.47494
685,34.025585,-118.475483
686,34.025329,-118.475946
687,34.025156,-118.476266
688,34.025067,-118.476424
689,34.025067,-118.476424
690,34.024963,-118.476607
691,34.024787,-118.476929
692,34.024787,-118.476929
693,34.024715,-118.477059
694,34.024516,-118.47741
695,34.024384,-118.477653
696,34.024227,-118.477949
697,34.024149,-118.478151
698,34.02411,-118.478274
699,34.024059,-118.478454
700,34.024014,-118.478674
701,34.023983,-118.478826
702,34.023956,-118.478951
703,34.023933,-118.479078
704,34.023901,-118.47924
705,34.023863,-118.479394
706,34.02381,-118.479537
707,34.023764,-118.479653
708,34.023715,-118.479735
709,34.023649,-118.47983
710,34.023516,-118.479995
711,34.023183,-118.480407
712,34.022886,-118.480776
713,34.02268,-118.481029
714,34.022312,-118.481493
715,34.021884,-118.482023
716,34.021661,-118.4823
717,34.021306,-118.48274
718,34.020934,-118.483194
719,34.020766,-118.483409
720,34.020391,-118.483863
721,34.02,-118.484346
722,34.019799,-118.484595
723,34.019437,-118.485039
724,34.019121,-118.485428
725,34.018823,-118.485799
726,34.018564,-118.486115
727,34.01832,-118.486419
728,34.018117,-118.486667
729,34.017653,-118.487247
730,34.017252,-118.48774
731,34.016841,-118.48825
732,34.016447,-118.488731
733,34.016035,-118.489236
734,34.01575,-118.489589
735,34.01575,-118.489589
736,34.015495,-118.489901
737,34.015118,-118.490368
738,34.014855,-118.490693
739,34.014855,-118.490693
740,34.014694,-118.490892
741,34.014541,-118.49108
742,34.01448,-118.491143
743,34.014376,-118.491225
744,34.014163,-118.491375
745,34.013725,-118.491688
