name,lat,lon,chainage_m
Atlantic,34.033398,-118.154469,129.0
East LA Civic Center,34.033364,-118.161206,751.0
Maravilla,34.033319,-118.16814,1391.0
Indiana,34.0343,-118.192182,3700.0
Soto,34.043747,-118.210061,5731.0
Mariachi Plaza / Boyle Heights,34.047215,-118.219648,6714.0
Pico / Aliso,34.047634,-118.22594,7296.0
Little Tokyo / Arts District,34.04884524,-118.2387567,8493.0
Historic Broadway,34.05215607,-118.2463211,9314.0
Grand Ave Arts / Bunker Hill,34.05472448,-118.2515307,9893.0
7th Street / Metro Center - Metro A & E Lines,34.04861,-118.258822,10887.0
Pico,34.040735,-118.266118,11990.0
LATTC / Ortho Institute,34.029112,-118.273603,13455.0
Jefferson / USC,34.022123,-118.278118,14340.0
Expo Park / USC,34.018227,-118.285734,15281.0
Expo / Vermont,34.018245,-118.29154,15816.0
Expo / Western,34.018331,-118.30891,17419.0
Expo / Crenshaw E-Line,34.022526,-118.335078,19890.0
Farmdale,34.023981,-118.346095,20920.0
Expo / La Brea / Ethel Bradley,34.024803,-118.355159,21761.0
La Cienega / Jefferson,34.026355,-118.37212,23335.0
Culver City,34.027896,-118.388986,24901.0
Palms,34.029323,-118.404255,26318.0
Westwood / Rancho Park,34.03682,-118.42458,28539.0
Expo / Sepulveda,34.03541,-118.43423,29443.0
Expo / Bundy,34.031705,-118.452896,31214.0
26th Street / Bergamot,34.027995,-118.46912,32769.0
17th Street / SMC,34.02316,-118.48037,33948.0
Downtown Santa Monica,34.01401,-118.49138,35388.0
